lr,batch_size,optimizer,accuracy
0.001,16,Adam,0.8893129770992366
0.001,16,RMSprop,0.8931297709923665
1e-05,16,SGD,0.5801526717557252
