lr,batch_size,optimizer,accuracy
0.001,16,Adam,0.9007633587786259
0.001,16,RMSprop,0.8854961832061069
0.0001,16,SGD,0.7709923664122137
